Address,amount
0xB1F2cdeC61db658F091671F5f199635aEF202CAC,717092667780887716256317
0x0000000000000000000000000000000000000000,88648906932943253268670
0x10d0A001EeDC62b2A483EB9DFA0bb021aC61d55b,21072076278778433388837
0xF8ce90c2710713552fb564869694B2505Bfc0846,19870619572037123702983
0x9aA8F427A17d6B0d91B6262989EdC7D45d6aEdf8,16397393658451885835092
0x192E9d29D43db385063799BC239E772c3b6888F3,13555549561756222826640
0xDc03b4900Eff97d997f4B828ae0a45cd48C3b22d,11894524246379558444990
0x2E35392F4c36EBa7eCAFE4de34199b2373Af22ec,6088564924806616927709
0x1eB47C01cfAb26D2346B449975b7BF20a34e0d45,3536480155881878297543
0x3B984969B20c7c9db50fE0B7b893565BF25aF0db,3097562271893056641098
0x5921c191fe58175b1fb8943ed3f17345e615ff02,2458374313902887028095
0x2ff3e6C2E054ABf45E21f790163970df82b0ea90,1589722353596067835616
0xde32b8c47b48F21A1718b6C14A27A8E1f7d236f2,1344936061721640270495
0x719043A8fe188AfE5768096ecA23043666b9c681,1328701897054806752213
0x4fB685826A37c4d607059c53caC1B9142F295F01,873347166440372469155
0x1E5aeBcfdC780Da4Fb506e93a0b398490fD94864,802560303984977965548
0xA985841376c179894A4a62e19ae2beA0B15b1d9b,742167718334123578868
0xBc2Fb310D12243bD15cE29d1A5B93411259C06D7,672468030861640270495
0x68c88Fe8FeE367d64faB809621C44DaDf9BeC2B7,650999027388778703454
0xEa1a31288e3CFF9DE155b5e27987016EFde56dF3,568963059704102606787
0x2e0004efF6DA29f9cdC9Eee0AA18C3cd3a83F30d,471396151479556470016
0x600b8A34ec1CfD8B8aF78cFC49708419A16ea2e8,464641012355481750244
0xb7477553AB01244F09E083E6028CF16B84C26c72,453742056523771690552
0xCFF031Cbb0069334228442a06eD101Aa02321f23,395062315810249839346
0xC32304513fBC519C5E6Ee209A0c9437513c4Fb94,391782019218263795689
0xE41914C347E06f4582bC776c0CdD1653d4c20394,374685595806875740341
0x6f58D7974e5143a33769Dc644cbA05455680A546,358602200000000000000
0xbcdefa62a6baedb1c40f0a7679533caff32b0a56,295495476861041812403
0xbcdefA62a6bAeDb1C40f0A7679533Caff32b0a56,295495476861041812403
0x9f480113841Db264B943327837363EbC183Dcae5,295495400000000000000
0x4f58985B75EeC8f14C536878A19EAdF4a1960D6c,263319053458531284559
0x5E8D378aE6d75F3614E3355BBE1055C64beB472f,220690362090282150978
0xAFEBc3cE67551A998C90B01Df281A4846e806434,216695730134384687542
0x8476f427CB7d20C9e40Aea63A482359c14adCE0a,162933589646154473525
0x0ad21df823f2be8086035180d2928cec124c662e,154460696761447689738
0x724700FBEf76E1A606953896FdAd777032f2987E,153209930772474950817
0x2cEcA46c2f487E328277046cc615FB4aFdF39511,142354924319821716186
0xC2c56515C32b10619BF67F3123B51E08C7c82C98,142045399628553853357
0x4152D4EcC8a7C78AC4c5eF13b4F6F9c6a2CBA565,137407410740695874970
0xc78Da355CBeDC79FCd12b15863eBa25B8a356B69,124578615068395443721
0xdB38339c5EcE4CD521A21FBaB7fCf78fCF081eF6,123374882485326497184
0x29Aa2eD8712072e918632259780E587698Ef58df,123229014879807442858
0x6979B914f3A1d8C0fec2C1FD602f0e674cdf9862,112869814785444914896
0x29aa2ed8712072e918632259780e587698ef58df,111054093051140297499
0xB7e293E8dA0e6d276A55FC24a3124e607f207fe9,94592200000000000000
0x4a2b6651F8536275b47fc424D8c62667E11ADE8C,90607041030340373861
0x2Eca594E41CaB2511855c5c0319e3ad4459b08dc,87992357593361095806
0x478C1a5c1a1ee1be30e6a7099EF145A759722DC8,87556412366079025677
0x44f51503b633060BBD54963710dA9888A8BA5b49,81457993756886463733
0x98E55d2288385bc1B0EBBE0e56eAc6AEB099C496,81457993756886463733
0x1E074d6dA2987f0cb5A44F2Ab1C5BFeDdD81F23F,81457993750000000000
0x4bF5059065541A2B176500928e91FBfD0B121d07,77385094062500000000
0xaa4ba008dc503733c2999089f9cf09ed10755f5e,69986547577249711595
0x4e6a82ac98e87c5acf7738fa57b5fd9ea14af932,59072222304393953345
0x600b8a34ec1cfd8b8af78cfc49708419a16ea2e8,58603732420329578190
0x12B6966160C37660EfFB630320F5a3CD1FB808f5,58522656235865075838
0xd0ef200fbF461bCB8cd0eAA7458064b0b82dDF8e,57636594066183602894
0x6A40BFc873D796400cdef2A597b0a73D998e00ED,57275908499950201041
0x4f58985b75eec8f14c536878a19eadf4a1960d6c,56658730899373003615
0x4152d4ecc8a7c78ac4c5ef13b4f6f9c6a2cba565,55495783300864499795
0x69171409BDd8E1059e5883dC2FE7B0bCbb4aaeE9,54318770358678076032
0x0C178f10cc32537b64cc26398B346fA76c9AA3A8,53043574080000000000
0x4bF331Aa2BfB0869315fB81a350d109F4839f81b,51541988251732096125
0x11737f7BC132cF442891A06187345b4D9796a511,50862107690000114144
0x4807a63eab0811c23599c61d71c9b6d564f3baa1,50296979208931434708
0x4807a63eAb0811c23599c61d71c9b6d564f3baa1,50296979208931434708
0xfe513617f4de53ad407dc613562fc9ee2ed51b5d,49256466699539092363
0xaf297dec752c909092a117a932a8ca4aaaff9795,49249277902421623932
0xafebc3ce67551a998c90b01df281a4846e806434,49196359859745377999
0x9362d27fd1827232754eed59158264ba8a780cbf,48952798759247744349
0x4a2b6651f8536275b47fc424d8c62667e11ade8c,45293494930340373861
0x45f937d6032796b1e65d93A70c2C64C0E3EAb62e,41219168862323936275
0x0085D428ac99C42b30cb38373B1C233846891C9a,40916202169881874957
0x9efab36288565dC343b6909350767cb392AA4F69,39744234523565900145
0x2eca594e41cab2511855c5c0319e3ad4459b08dc,39723884816699233711
0xaeFECc37f5E9258092294e3B1F611557F153381f,38380783721995984570
0xb8BE64057640D21DEB24e572c3728702D6914747,37958715361285222805
0xe9b05dB21F255544721d0a58C1E9963d53D8BB95,37661540856418828274
0x30f108fD32269a4cBFEE59714b8A12b489ED9412,36927860951234603215
0xE1900dC83A5c6e973704D68316E26Ac7473D6bef,36262288977172064614
0x94d509822cfb1bA3695f4f5f6f50B957Ed177D6a,35503591340277734194
0x8DEa9139b0E84d5CC2933072F5bA43c2b043F6DB,34737177469032794438
0xe41914c347e06f4582bc776c0cdd1653d4c20394,34647459746287228228
0x7822159ee394d14745cde63a706f965fb73c7ac8,32036411400965161030
0xfF049EC2F92e167a0AaC6bEA0Fb11ec6A9ABFC1b,30869478980108083072
0x001F60F22bAf29DC6bb292DE9071D887D986A287,29666600000000000000
0x5564c162d1CAE4144F49dE2A1456cd29EF336E09,29560100000000000000
0x12b6966160c37660effb630320f5a3cd1fb808f5,29261328117932537919
0xd4492fCA3Da537017dd68AE9d080F8ef9793562E,27855000000000000000
0x44Fbef86239Debd8e68a22a9BA58Cd7aB6BE6947,27574353240000000000
0xBB2d41AcfEA24A3A2aD4A6F95C3AcE1cC98c6ed6,27554797893825405252
0xb325c1ac788f02ff7997cf53c6ff40dd762897b3,26696345994076054549
0x11111254369792b2Ca5d084aB5eEA397cA8fa48B,26492769718829200871
0x0b32Aa5C1e71715206fE29b7BADB21ad95F272C0,26049841152825296652
0x69cE8721790Edbdcd2b4155D853d99d2680477B0,25727995493168056646
0x728BbE9bbee3Af78Ad611315076621865950B344,25437278357351423066
0x9823D1608Dd094a7Fa88e08B6d5Bd29d09B0E86b,25091681480718256150
0xe6b108d4e5262f9f5aeb79e7b551940e2009e956,24611637160325686212
0x40c839B831C90173dC7fBCe49A25274a4688ddD9,24610964951282637843
0xf3BEFf5FcD6aA8d0796097c1E4EB729309055379,24053531669814970254
0x34C1C3405cd216C10dA49308FbacDb230CB2A824,24046642020517390226
0x446a0136cD70C76E3efFd9877efCCC124E98641C,23462934256989348643
0xbEc6E4AC010114e515483060FDA81Cf9088040fF,22078789300938079278
0xA3cdF8d3B49AD4ED0f159C6B59ce4D49d79b945c,21812997836241030603
0x0ebacf037AB57489e8c16188FA9380bdFECA7360,21771566181029493455
0x56861463EbF168f1D70cb2e3949522253A7bf6d2,21708099328087603452
0xd03d26b36642c8137c77AE8fe91E205252db1095,20725497363416031464
0x053Ab16A247321e312F3A8A2a0a8aBDA48707241,20129506468651465248
0xa99f8656271bd54871639D7B1D20912263CC68E0,19931401057579990306
0x00A38AaF20D658E7AC5E04ff857A28cFE9235570,19806950405543732225
0x2e2CeE70D0540F3B87258FCEc3C5acf354939d04,19794436894165927176
0x53Deea1808b6d2b8681241e3857B6C6ED1e7e103,19790259926872895388
0x97944e369a1af4040816f157134edca8e9f82ecd,19772315672087111980
0x97944E369a1Af4040816f157134eDCA8E9F82eCD,19772315672087111980
0x41646e8b3c3589dfaB0Ef9C7ef1cBBf57f1EdF90,19699812457483107533
0x3cC6e5F47069518e6C49b177B5B5B1a0F4B89917,19457200000000000000
0x40c839b831c90173dc7fbce49a25274a4688ddd9,18699705782474394391
0x26fcbd3afebbe28d0a8684f790c48368d21665b5,18007772571810484721
0x94d509822cfb1ba3695f4f5f6f50b957ed177d6a,17742644899022751872
0xea6fcf17c5C9afba718C1d2FE43DC70aa6f221eB,17079189524117436527
0xbd18c0b86E419C3f2BF9A4dF52AAc12EEEEf37E0,16914680733444581773
0x33eeCc48943aAeabb5328A25ff28eb85F67945C2,16783767327372974344
0xE2a7fd6144c975DA415D920722D212cB02Dc02e5,16259089825649859062
0xb01d8124071C6C0cA2d8a135f2e706ae81CB43AC,15883917817100410313
0x99422bA6714DdF2210f4ddE38f0cA882cAf757d3,15658772764474202750
0xC2326dc6e79F6750541550AF0064F829ce8312c0,15598496719552116773
0xee0B3d798d0c63EABf31Fa29C65151e2608DE8Ae,15563778368203943441
0xE079C28A1064bE7e9DD6384ae0D0Ca281e0c98D6,13532810432947035960
0xd05f1E345D0E7977332fcBdD4ecc2EE64d1b875C,13461947283863763883
0xf60B9bc7EaEb17936c9564Ae95b1b01de30643F5,13116356669093621573
0x478c1a5c1a1ee1be30e6a7099ef145a759722dc8,12851895110369616192
0x613848064a498eD76b39C9cA7441bF64107298C6,12826376257941379076
0xA3061Cf6aC1423c6F40917AD49602cBA187181Dc,12374369664216744937
0x9823d1608dd094a7fa88e08b6d5bd29d09b0e86b,12347903306098730991
0xe2a7fd6144c975da415d920722d212cb02dc02e5,12321340832800298812
0x3bc503264df548e3A12d417B917dcA880D817417,12304651451022196548
0xF9ab2ef128d856339ad2c258cdaa14a22C662a14,12213239284184109902
0x45C2700a0b0e84FffFfC74dbe4Ca415BC940F93d,12057606911226697960
0x69171409bdd8e1059e5883dc2fe7b0bcbb4aaee9,11818540230611136525
0x4974fdd567d544a9de0e167f094362c4ce5f396c,11809071349488907378
0xdEED4478d677CF5A3a3ec0E3C767880fc0D6c585,10890000002183089766
0xa1b38945846e1869b66ec19c196ba28506743dc0,10827670248004660071
0xa1B38945846e1869B66eC19c196ba28506743Dc0,10827670248004660071
0x79Cb7a79cDE6Da7482F583098AB9e91E030DC6cB,10347439549573650647
0x928477dabc0eD2a6CE6c33966a52eA58CbDEA212,10085503026304174889
0x08015090ae042798ed0107fd47356eea6017776a,10042136413777650621
0x99fd1378ca799ed6772fe7bcdc9b30b389518962,9931566901836380772
0x6979b914f3a1d8c0fec2c1fd602f0e674cdf9862,9897536463796258774
0x2e2cee70d0540f3b87258fcec3c5acf354939d04,9897218447082963588
0x6FbE6EaB3053fEF0DA871807346B0B40E989840f,9864434297361882514
0x41646e8b3c3589dfab0ef9c7ef1cbbf57f1edf90,9849906230057008686
0x05e09d942505764bca4475ABf8efdBc21D1c535B,9780001208691274581
0xE24286Adfc053f76888aa51d9a94f6c1519b4Cba,9172046718672851634
0x79Ba04ABAF8714de7808393DBbbEb91a174B63ca,8249859799348539558
0x34E8dB41c4EC274429D01597Bc86AEed4d6e9B5e,7973820583925796988
0x9a376C8e244CDBB07eb7856DA3cAC7f5794b58fA,7960095804770984453
0x0085d428ac99c42b30cb38373b1c233846891c9a,7347926438432396603
0xd0ef200fbf461bcb8cd0eaa7458064b0b82ddf8e,7026659098991707249
0xbc4fEf6016Fbd9248375016617D4481f2c96d4Bc,7024433123548348069
0x0db8d5ed26aee8762c1d626f7509b8aab4467081,6702934059588992475
0x0db8d5eD26AEE8762c1d626f7509b8aAB4467081,6702934059588992475
0xcf7B50faf216415543eac5e4b646Cae7503ee845,6600855567449929903
0x2d9796333D7A9007FAa67006437b4c16EF8276E6,6530247500646712490
0xc64c859ff67b2e17d1cbc4081b769e1b367be9e3,6498665758487212880
0xC64c859fF67B2e17d1cbc4081b769E1b367BE9e3,6498665758487212880
0x613848064a498ed76b39c9ca7441bf64107298c6,6413188128970689538
0x1d820DF182ffE63748dA3AE078f3f4d54C36e1Dd,6357902562115718966
0xe4f077bf767a57ae9aad77b0ab54cbde0bede65a,6309420761341572035
0xdE7259388868b8c13317a629E9510ABAe45b436E,6116082877642452276
0x45c2700a0b0e84fffffc74dbe4ca415bc940f93d,6028803455613348980
0x071B8bc181Ae7cB03F5FaeCe9B5b8b25BE9B0982,5946755051221684670
0x755fd3fa2a4bd8c67f405894a3b1992771cc1d2b,5900010244337059701
0x755fD3fA2a4bd8C67f405894a3B1992771cc1D2B,5900010244337059701
0x38ABD5912B5e2537b9E68abbd8D037D0e35EBA0e,5838259971219950325
0xf9ab2ef128d856339ad2c258cdaa14a22c662a14,5671304416589650257
0xaF616dABa40f81b75aF5373294d4dBE29DD0E0f6,5616772329362611661
0xbe4f0cdf3834bD876813A1037137DcFAD79AcD99,5563303224730217225
0xf60b9bc7eaeb17936c9564ae95b1b01de30643f5,5406995655103364353
0x963D071201275fD5FA3dC9bB34fd3d0275ba97a7,5342265960406528135
0x34c1c3405cd216c10da49308fbacdb230cb2a824,5170490344913597714
0x4cE873515d6a0EBb42977D2A525Ca39D4f1fEFCB,5094768642501138406
0x53deea1808b6d2b8681241e3857b6c6ed1e7e103,4952079646391042265
0x8dea9139b0e84d5cc2933072f5ba43c2b043f6db,4945365862977987139
0x0ebacf037ab57489e8c16188fa9380bdfeca7360,4943161349828247142
0xbce3e29641b2083716e023f0bb56635d3062c8c3,4936848837852328097
0x1ebb814c9ef016e6012be299ed834f1ddced1529,4926880189265352937
0x7a5a81c3ee63eb217c2edaf1564d8fb77b39a2d3,4921196160787293872
0x05e09d942505764bca4475abf8efdbc21d1c535b,4890000608691274581
0x8a83716acd66D9e1fb18c9b79540B72E04f80aC0,4834397122906835955
0xDfDfb69CfF0041E35A37526ea2b05Fe3D9C86050,4605280594206495170
0xE3f892174190b3F0Fa502Eb84c8208c7c0998c50,4325378176875395092
0x4896182c2845a156464aeedf7473a308941336ac,4149863578626278356
0x4896182C2845a156464aEedF7473a308941336aC,4149863578626278356
0x79ba04abaf8714de7808393dbbbeb91a174b63ca,4124929899674269779
0x8E76CbC8B63C6e94313e213791F1176Fc31dF024,4049486493811582937
0xcDdcCC9976F7fd5658Ac82AA8b12BAaf334d27f6,4000000000000000000
0x74eb390c06a7cc1158a0895fb289e5037633e38b,3962379654828117922
0x80a03DBf383c6FDD96FB95D1A24d63C7b6d02b08,3945626287740764100
0xbec6e4ac010114e515483060fda81cf9088040ff,3937879838158771076
0x38abd5912b5e2537b9e68abbd8d037d0e35eba0e,3833957796267347451
0x40D271DEb2d2555807B395D854632072Edd6bD84,3814000000000000000
0x6654500f0E8D45Cc9E21827C6ff80A17DbE5b794,3782930240742054482
0x066419EaEf5DE53cc5da0d8702b990c5bc7D1AB3,3683826189562681995
0x6860b3285ee28156c32979cA49b8a518fF131575,3642282130091140849
0x781fea3353d6efbbabc9fac0b4725eff3c77dba7,3619695819163344027
0xfd48e40698b4925ea50bc7ffb57239bc58da63c1,3543504753929527593
0x79cb7a79cde6da7482f583098ab9e91e030dc6cb,3448895335966265998
0xbc4fef6016fbd9248375016617d4481f2c96d4bc,3412405095606125816
0x349Fa05334c0A0eDc9D34aCf088F8b85C87ED9b7,3345353452215164060
0xcf7b50faf216415543eac5e4b646cae7503ee845,3300855567449929903
0x2d9796333d7a9007faa67006437b4c16ef8276e6,3235286540116696585
0x2b11b02F5B32056af20cDf8a45D4F680B303B3a3,3191872540937244127
0x23b4483b7C551EfA8955c7e35f8A5e38C6f1fE4A,3154029951765485320
0x099686478448CE02F8E61C6b01904d0548daeAe5,3153421952628264194
0x1d820df182ffe63748da3ae078f3f4d54c36e1dd,3136914496967943392
0x02e76c933b98c46fAbD87FB30C14C7A623319Bbe,3085432548107127328
0xe986eabe4430df37e35ed4badd331ce97e895c01,3001377608077623293
0xE986eaBe4430df37e35ed4bADd331CE97E895c01,3001377608077623293
0x275B2eDbC7C4413dbECFf9Ef37ba9214758e3B13,2959789216789108118
0x4bad2833c44424423518194f07c4917be28d7363,2955595197658871327
0x4BAd2833c44424423518194F07C4917BE28D7363,2955595197658871327
0xb01d8124071c6c0ca2d8a135f2e706ae81cb43ac,2953158467890380806
0x8dE5a4228d4584752d7c048e1729c6fB45603D5D,2811300000000000000
0x06c7202c375bb48fe5046063321f95743fce3916,2747349752022108077
0x8e3FAbF5A1E4B773C227d2646EB2470263D3a1bF,2642204372321723553
0xa4aaaf352d2b9efc06def2bcb0817083c05ba40b,2601238594595011005
0x9064F45ddB3875B83cE86602330E493e6aBDA6F1,2527879753252837097
0x4c53d5ED8276b8dF74b87DB2090732028F6F111b,2484842551509631870
0x53a338350e90d9f6b65b3e05378c170c7508a07d,2477770018137485323
0x53A338350e90D9f6B65B3e05378C170C7508a07d,2477770018137485323
0x17ec067FC8680427fda280805fd01CEa46F2F9f8,2454557180229342964
0x17ec067fc8680427fda280805fd01cea46f2f9f8,2408707766991061039
0x44b01DbDC83E92eF70ed2a6104E29792Ea0E0f47,2297806473836375034
0x74b34DF05e6f5c6b0AAEb1909B02dfc1e479ea4e,2240206587813972432
0x0f2f9599c19cddd869d0bbf7bc3bfe354dd5b40a,2181955592041140496
0x0F2F9599c19CDDD869D0Bbf7BC3bfe354dd5b40A,2181955592041140496
0x17b6b2c668ad6d7563b4394cb2489d57a33f69f9,2169475979256175506
0x17b6B2c668Ad6D7563B4394cB2489d57a33F69F9,2169475979256175506
0x06Ee54b3e0974a10A0beEaA764b9d4f278C694d9,2114539708232106356
0x06ee54b3e0974a10a0beeaa764b9d4f278c694d9,2096880749638586394
0x6fac7f048bdd5d626bff0a556c2b3b85489429e7,2071052703382077198
0x453e8aF62bFe737A0e05125020Da45F17156A1f9,2053786802185135853
0x2D52F7BaE61912f7217351443eA8a226996a3Def,2005472091176193278
0x42eeD6182E4f3E37D3aE08a0d2A04C258ee0aE87,1998719932216414858
0x9a376c8e244cdbb07eb7856da3cac7f5794b58fa,1984493349031989705
0x2760d810eac30c554201c938d75ca940f7fd10da,1983711289782325447
0xeA0FEAb81a32f2C5a3acD7fa49De3EF2ab0169C1,1977958096606192812
0xCE404775F6E88eA0d4Aa8Fa89A811B5cfC6e2abd,1977696708224898515
0x38a1C011890bc95Fd4b43B622E1432C859D097Bc,1974909733505340872
0xde7259388868b8c13317a629e9510abae45b436e,1974087225122546090
0x64920DA50B96dbc90aeFeFD17c13f94C77C4811a,1973936385853043180
0x20943A7fBDcB4B84Ea553C13D765cD4AdAee709b,1973877134085139216
0x5743E4384d2144b7C3f395e66d70D284b60e081c,1973867216231660150
0xa9ba157770045cffe977601fd46b9cc3c4429604,1973477415736380191
0x1ef6c388A85828D4e5015cecc6FC10A9923fc3fB,1973336191135192046
0x088116A903B1546e011Bde600f721Da794240f80,1972880028218401010
0x9e1eBF38AAAbFDfCaA5b880a136A06fa6ee4EC57,1970187139818221851
0xe2ee27f14ec035ba44030529b1ffcd7c422e1e3b,1969772573800694044
0xeb30b9fd3ff95149cec6bad768f6c45a257962a8,1969513620502338862
0x7EAD2272009e06CAd04739ea3216784F12e82506,1968400000000000000
0x769538c3ba280Cb7B5018239937cc8F92458e689,1965078921512625180
0x7dcf87df7b6b9626c705927bf15fa83dc9bf54be,1964531591872334290
0x7dcf87dF7b6b9626c705927bF15FA83DC9bF54BE,1964531591872334290
0xb808D0e78C768E5381ac88BBE1A7b6cb645A3dFe,1964322475237239698
0xb7d49adb031d6dbdf3e8e28f21c6dd3b6f231cd5,1938214533337377950
0xce404775f6e88ea0d4aa8fa89a811b5cfc6e2abd,1920249595784978114
0x396b325364b5A0c60075dFbA5b7658e1ffCc6567,1915997757903072537
0x396b325364b5a0c60075dfba5b7658e1ffcc6567,1876108030368010438
0x2fee17F575fa65C06F10eA2e63DBBc50730F145D,1855461127563944469
0xE70C89EcE8819C2a91FF23b3b3ef958ee44f9756,1785298263023008996
0x053c685fb78581eb36f05a70219ccc414b8899cd,1609418022575538910
0x84F87dc95e563cb472A1fBC6cDec58E9b74aC882,1567413381178887736
0x1e0129e04e4337F953d18f79c2F7E166a3C4DC3E,1567413379269367924
0xdfdfb69cff0041e35a37526ea2b05fe3d9c86050,1500916623021473724
0xDf0aA860fb3aE87b29e1a3ac9b0D119b8180c685,1498658734680957697
0xd56e9F604ba364d5Df09730afcF946845ACe6683,1498202195692765209
0x275b2edbc7c4413dbecff9ef37ba9214758e3b13,1479894608394554059
0xa99f8656271bd54871639d7b1d20912263cc68e0,1476762002962234917
0x2d8304750a8ac17dc1b9a5da1c85c0a55f12c3d3,1474227324210752738
0xe70c89ece8819c2a91ff23b3b3ef958ee44f9756,1456767308893342716
0xfa53a46c2f9131c37eb41c1c3a8af95418199a9f,1447806403169165534
0x9d074E37d408542FD38be78848e8814AFB38db17,1447032837364885477
0x488245D244676c0b41D435473bE960Fd270Ec62f,1392405813116571282
0x488245d244676c0b41d435473be960fd270ec62f,1380834534142067582
0xEF25Ee29fF36862117D8eC02a4DbB69EbDB77897,1372769696865856832
0x09be68823d2a7a22be569816c9b2c104628545cf,1372155823234059697
0x09BE68823D2A7a22Be569816c9b2c104628545cF,1372155823234059697
0x8e76cbc8b63c6e94313e213791f1176fc31df024,1341294068767103997
0x25AfD857C7831C91951Cd94ba63AF237d28604D0,1339303330202842484
0x8e3fabf5a1e4b773c227d2646eb2470263d3a1bf,1322204372321723553
0x67C14DBceA6b4e203639466f29cE804CF6325eC7,1307310923864923672
0x06c8aac97caa0e19ba9a2f402ecfb9c2e944af63,1276231333880574723
0x06C8aaC97CAa0e19bA9a2F402ECfB9C2e944aF63,1276231333880574723
0x76Da9F88e63a85Ba8BFA19F3821D5A271753D3dc,1174012687604868506
0x8d2bebc567d73c3a0a1cf0280307cfd4e262b819,1132718736264400873
0xEDd828ed8bf8205CdBf4439349c539215D3Fad1D,1131985615161429324
0x74b34df05e6f5c6b0aaeb1909b02dfc1e479ea4e,1120103293906986216
0x44b01dbdc83e92ef70ed2a6104e29792ea0e0f47,1112079193930034515
0xB7377dd86D8c1F15771C9F420e52325f8C18cC86,1105521790835166604
0xd82435781df14312AE7a0265bAb00702293d80e9,1105297126664546437
0xec87a23c591a457832c80f961e82eb88179bdff5,1084629969521640909
0xeC87A23C591a457832C80f961e82EB88179BdFf5,1084629969521640909
0xdf0aa860fb3ae87b29e1a3ac9b0d119b8180c685,1083392177614878661
0x68c30743ba3ec92752D7441498BDadE6964B1590,1060540938653737577
0x1f8A6d8185b76F5ac08f335610a2390DAb3225a8,1055526020746420184
0xfD51f0417473d07511c8E9A7Ae796242f3fb606a,1055526020746420184
0xb0bcd27acb5e7eeadb701d4443cc7edc635e2994,1045031639246571887
0xB0Bcd27acb5e7eEadB701d4443cC7edc635e2994,1045031639246571887
0x6313a9a1ebcb22ebdf11cfbfb4316967621624b4,1029886135954699542
0x6313a9a1eBCb22ebDf11CfBfB4316967621624b4,1029886135954699542
0xbc7c5354df71dd77b81c0f673d2bf0afa6638dd6,1028478386361582470
0xbc7c5354df71DD77B81C0F673d2BF0aFA6638dd6,1028478386361582470
0x453e8af62bfe737a0e05125020da45f17156a1f9,1026893402185135853
0x14c68204f92CE8507283303651DD33d34C8EeA2F,1020885881073500326
0xc428a5eec605fda02af8083ad1928b669b81957c,1013314212411849067
0xc428a5eec605FDA02Af8083ad1928b669B81957c,1013314212411849067
0x8577b84527ced5d2d9f299dc6027a9e049c17d6c,994783537050136766
0xDa46D014eE69d0faF02A3811b06877d47556aA8A,993960816592031017
0xD7ba735959AbB3403cDC388876cF18A6f71ABc7A,992323780124576237
0x6cD39081750d8736C61bC9f1d2fb31a9E8eFab10,992137266289078493
0xf3beff5fcd6aa8d0796097c1e4eb729309055379,990794430761511880
0x4c53d5ed8276b8df74b87db2090732028f6f111b,989072654397535841
0xea0feab81a32f2c5a3acd7fa49de3ef2ab0169c1,988979048303096406
0x7cc7f026a634834414a211529ee67194e6f22598,987900414429945596
0x38a1c011890bc95fd4b43b622e1432c859d097bc,987454866752670436
0xf52a65450c8d5619f0e4008e9885dbf10f94bce4,986938567042569608
0xf52A65450c8D5619F0E4008e9885dBf10f94bCe4,986938567042569608
0x5743e4384d2144b7c3f395e66d70d284b60e081c,986933608115830075
0x1ef6c388a85828d4e5015cecc6fc10a9923fc3fb,986668095567596023
0xFEaf6d29CE483e90320d06E2FFa9c9390E526d2D,986622527020863052
0xadb6f19761e695c663998b0232b0c3d1b003e717,984861327487056833
0xadb6f19761E695c663998B0232b0c3D1b003e717,984861327487056833
0x6631Ac0e5A93662847EfA72b2A888702eDfA99A4,984861327487056833
0x5071d7104ee2E1A1C80E620E4198D8bc42b75E17,984613511799209412
0x7d3a012159a940554d73880171a094e1a8564203,984550626346154399
0x7D3A012159A940554d73880171A094E1A8564203,984550626346154399
0x1c2c1376c9b45950daa3c85c52ea37561c9a3f8b,984083646985485903
0x1c2C1376c9B45950dAa3C85c52Ea37561c9A3f8B,984083646985485903
0x46f7bb5adbb74f35b86df10d1fc3ef09f09bed33,983905615481054404
0x46f7bb5adbb74f35b86Df10D1fc3ef09F09BED33,983905615481054404
0x6972ab424477ac48c36352acc7c4694cb9451f62,983894446050279774
0x6972AB424477AC48C36352ACc7c4694Cb9451f62,983894446050279774
0xe5767ADe043d95c35E9723f7a463D25278Ce6d4b,983293181538042569
0x51434f6502b6167abec98ff9f5fd37ef3e07e7d2,983187396877274544
0x51434F6502b6167ABEC98Ff9F5fd37Ef3E07E7d2,983187396877274544
0x80e60ee31486FB09D6ce15ed793B692f4C5FA374,983173604852109097
0xb808d0e78c768e5381ac88bbe1a7b6cb645a3dfe,982161237618619849
0x2d52f7bae61912f7217351443ea8a226996a3def,981238055650800356
0xa06fdf2fd96140b7ab61f3cde0edd7146467cab1,975881293965517679
0x64920da50b96dbc90aefefd17c13f94c77c4811a,974832406097970616
0xd7ba735959abb3403cdc388876cf18a6f71abc7a,972615350872163997
0x5db10e4C89A5224Aa74e928DcbE80A0b3D9ef292,971659798828450378
0xfeaf6d29ce483e90320d06e2ffa9c9390e526d2d,968630153288295159
0x9e1ebf38aaabfdfcaa5b880a136a06fa6ee4ec57,966540090477001401
0xda46d014ee69d0faf02a3811b06877d47556aa8a,964966933626749901
0x91F8390Fa3485B372a95A26Bd59F1c175D200D25,946879162106122938
0x049397bd8325e0089decf676eb42c134ea65bb90,940719568928363483
0x41621d0a9F93227A4dae812Aa64Af51DF4457C2c,923690400447551464
0x91f8390fa3485b372a95a26bd59f1c175d200d25,918291385939020488
0x0449378942c77e14dfab5668b65008f45406a2c8,916160247661901090
0xef25ee29ff36862117d8ec02a4dbb69ebdb77897,908494957077997545
0xb92c6387f498a84b2551c827be6430793bae3c56,891690580012037436
0xb92C6387f498A84b2551C827be6430793BAE3c56,891690580012037436
0xf0CEFCc5c331CB0a4e140780bea531F7343dDf47,798872567857773292
0x56e63d7bd464ff387338f392152336347d825c09,787767970428597363
0x1e0129e04e4337f953d18f79c2f7e166a3c4dc3e,759099512909217456
0x71EAb2760e640775De36Eed89983741Ae83806C8,743169082281281172
0x5dCbDCA130f848eBE9a9691Ebc1D01ebE71581BF,723376986831682051
0x72c2c890625F7e2eC82A49a5B0D6438C36FC1bB5,708621474221795884
0x349fa05334c0a0edc9d34acf088f8b85c87ed9b7,664517606137948342
0x1f36Fe3742Bf1146b319B9B3Fa67f4dd2cf3512E,656641101420897756
0x20F6daC8d6857aC52049250d3d46E8a947da901F,653359661252304539
0xaf616daba40f81b75af5373294d4dbe29dd0e0f6,629075310837941215
0x3f231af0806fe97ea13867b50f24d9681a61a3bb,618656871624374711
0x8f411F92BfbdeFa52357f8D605368affA4fC15CC,601894879572747558
0xf38f9406531212D713300Dd02E06121e7601a342,595364466346702370
0x9addefcc5ca3b46ddd6d3c9070e03ed8306a8198,590043128353373803
0x1381C05bdac903f0B5ab8D56c09d4Ddb3D28d616,583874024848321156
0xf38f9406531212d713300dd02e06121e7601a342,579574389359703154
0x5247cb423B36888c0aAdB915847f29306cf57cBa,579175735917549033
0x29687e2a2b38bbc1f4f9069f1f24f13a3c83d27d,563377057364414932
0x29687E2a2b38bbc1f4f9069f1f24F13a3c83d27D,563377057364414932
0x3adf5102d5bc6ac5effaf21a5f6bdd04d474d693,561054831119468300
0xBCff81420d024627eDd07AB9468Aff7881805D57,557490759002651652
0x691fA5626fafF0DaAddd416035bADA13aC88FB61,536842025493821436
0x8e2ec6f44dbc0c9d831c9c444246ab724a2e6a84,529587697146144760
0x8E2eC6F44dBC0C9d831c9C444246aB724a2E6A84,529587697146144760
0x691fa5626faff0daaddd416035bada13ac88fb61,525239840110931722
0x40e7ab1Ec3eE52CBeECeC89DeF436e8aC7850D1d,509925595995549063
0x05007cD087c6d695A6585C45A7B1C07E5baa7F0C,509094699820840340
0x8a83716acd66d9e1fb18c9b79540b72e04f80ac0,498504223572889491
0x544845005e42fE00a3C0E9735EEEC25Aa068b428,497554556681338974
0x24e8bb6a37774d8a0187e196beb29601ed5920bf,495250107028122562
0x24e8bB6a37774D8a0187e196BEB29601Ed5920bf,495250107028122562
0x9411c4d731c266f96d3302289be0b8244a4c19d0,493089719601109163
0x9411c4D731c266F96D3302289Be0b8244a4C19D0,493089719601109163
0x50Af7C698325a798Bf926a2665EA1a01FCE871A0,492980161184274132
0xa331cb5fd5b2e56ba20bbe2f49378488b419f3c9,491575388274070539
0xA331CB5FD5B2E56BA20bBE2F49378488b419f3C9,491575388274070539
0x8676884614ae0EaD960b8775aaEd12aFD6242039,489506296356044532
0x98ebcdbf296c498a09af03410e9f2a00d1def554,487056858174251539
0x5db10e4c89a5224aa74e928dcbe80a0b3d9ef292,485829899414225189
0x0C1Dd96b60a06A88046F7Cb7C07dBED6385aa74d,485638117738322315
0x24244eF4839fDa2084Df4B7c0e4Db4D806819cF3,485638117738322315
0x0A4D3851B8976a12d22EfA8600a80BB0Ed19E94E,483922597303142819
0x0c1dd96b60a06a88046f7cb7c07dbed6385aa74d,482390858781306220
0x1404C00e08739Bd020FDCC20De541EDD1869c244,479807713463275567
0x0a4d3851b8976a12d22efa8600a80bb0ed19e94e,479488767914402980
0xe5767ade043d95c35e9723f7a463d25278ce6d4b,476391222145873372
0x04C18CbF703c72591F1800b52d801a948f55e00C,475402988531394947
0xb9ff1D1d885Dd2E8696470D6B416bcEC11090568,474500000000000000
0x41621d0a9f93227a4dae812aa64af51df4457c2c,461845200223775732
0x5bC6a64275391dD2D79CF0431DbDD888E5Ef35F1,452027587540291231
0x68180D14016e8e70901FB2be38cecF6aa627B967,445935814816079040
0x5bc6a64275391dd2d79cf0431dbdd888e5ef35f1,443021934485608893
0x68180d14016e8e70901fb2be38cecf6aa627b967,441315071823901672
0x2459d93923CC940E3AA1935Ead83eF8011534BB1,439665601206275404
0xf73d86B7EAb74dDdFDE0B0EC8330f0c6f1626e4B,416920443279366810
0x2359e4a1a1abc120f55c6b4c88194e09ad98c9fe,414581843723207916
0xf73d86b7eab74dddfde0b0ec8330f0c6f1626e4b,396033321345315437
0x37fd3c367c5d03640b177fcbd7afe18d805dd10e,393259869016474573
0x2094211a060a0457bae6132df1af2e2464e54a45,378290816713485837
0x2094211a060A0457bAe6132df1AF2E2464E54a45,378290816713485837
0xbc35b605cb9eb84a1ba26afc6a5179d70ba62c06,372826091276783722
0x052aA017270434C91cA09c082018BD3B8f26e613,371481731119291736
0x71eab2760e640775de36eed89983741ae83806c8,371136007312513834
0x63BB46461696416Fac820Bf871375274d97b128e,364178447301964939
0x5247cb423b36888c0aadb915847f29306cf57cba,356348235558385157
0x72c2c890625f7e2ec82a49a5b0d6438c36fc1bb5,353158857060165510
0xcBD30B241c111e38B5fD728b64a4C29b7E9A4f72,349265831910879401
0x7e13e9fd1474fb2ee7957e013d9085e1614f2acd,347238992811236322
0xcbd30b241c111e38b5fd728b64a4c29b7e9a4f72,342296996951755139
0x7518B19daF8961E11b545A76A191e7bdF8E4F702,330405590119440258
0x7518b19daf8961e11b545a76a191e7bdf8e4f702,321544936092299338
0x1f36fe3742bf1146b319b9b3fa67f4dd2cf3512e,319717754223526829
0x8B0f6393d12A77885D102D3a07Fc1706Cc584F8B,313103065500656238
0x40e7ab1ec3ee52cbeecec89def436e8ac7850d1d,310289704278741090
0xdb5de412a2bf5ed7625288558bda49a39c20bfe8,309262075446411017
0xdD8B9fCb3a8c619f3Aa688443A095467967cB58D,308076204261377792
0x4E609a968abeaaF866fde46a400847A9462F5931,306040735493311600
0x8f411f92bfbdefa52357f8d605368affa4fc15cc,299595225369942854
0xc53539fd4d109840dbfe8c759ba7fc2e7200709b,298042925696333609
0xC53539fd4D109840dBFe8c759Ba7fc2E7200709B,298042925696333609
0x59AaB5157690567CDF9a9359773c22B8e857e2Aa,297107117116791497
0xd38d3b64504480945f482c03670352ca35679630,294895772691005857
0xf375349e16da8dc58d818db383b6f6fe51577af3,294716540950076571
0xF375349E16da8Dc58D818dB383b6F6fE51577Af3,294716540950076571
0x827ea2c64d3f5093f632ab6daa94ee8d7eee0686,294502431510263124
0x827eA2C64d3f5093F632ab6DaA94EE8d7eEe0686,294502431510263124
0xa3dB05c72c79d52D2D37170A342a2c21c5e5d7C0,293836101592695285
0x01914D6E47657d6A7893F84Fc84660dc5aec08b6,292028531258049461
0xc163D4cBe131Cf8A85b691C3eBd6c5eA81f43B33,290591433383613399
0x56635dba61eb79268427bee9491cfb22d0296408,287324735832399090
0x91f6f96711F4F31a9f20D11617Cd980235A86A71,274860103094839768
0xd8f343e184f0DBE0314b0eE45aA9fC113acA57f9,266961328318931370
0x8E272e4ADF77A144adDD9146ef5b2BFAA1ECe4DA,264626147960951322
0x27b0a9AAe6400ef8291B07ad9554A751ab44878c,262201184373080513
0xd8f343e184f0dbe0314b0ee45aa9fc113aca57f9,259534445529202060
0x287B780DA1dE8f332ee9A7709822217e2F24843A,253535478239080520
0x05007cd087c6d695a6585c45a7b1c07e5baa7f0c,252207233541809628
0xf515B6615Eef244236e247B0235F25252C288a0e,248324266845290460
0x8676884614ae0ead960b8775aaed12afd6242039,244753148178022266
0xf515b6615eef244236e247b0235f25252c288a0e,243122971083781142
0x09988e9aeb8c0b835619305abfe2ce68fea17722,240546648050311134
0x09988E9AEb8c0B835619305Abfe2cE68FEa17722,240546648050311134
0x7e1FF06fc9adACa7383560F3d674C6b686AEf67e,239158576640118603
0xee620a0991d57f464aad452789a4564ba51245e8,236772092048143412
0xeE620a0991D57f464aaD452789a4564Ba51245E8,236772092048143412
0x22CAb81E0FEe2bad5b015DbBEB6A374A1B8738de,233195125237557337
0x138Dd537D56F2F2761a6fC0A2A0AcE67D55480FE,232055275567689370
0x7e1ff06fc9adaca7383560f3d674c6b686aef67e,230137028221638784
0xF1B62C7e3E699fb54671eD73963818cC8cADcC8A,225582857162790797
0x6A3D358c1e287314176634a2d9d767cB72D97102,216832159117687032
0x2459d93923cc940e3aa1935ead83ef8011534bb1,210229698621910860
0x6fb651CDD003A7EBA1998E9c77d9EE0eca102e86,206200316668234735
0x0d0d433E3D782694113d9852f65974F96A83CCC4,206131461684457740
0x0d0d433e3d782694113d9852f65974f96a83ccc4,200174448401741256
0x099686478448ce02f8e61c6b01904d0548daeae5,199032264024701731
0x26e82901651bc97ce8af33e463e6f5a18388cf13,198048437835516447
0x26E82901651BC97CE8af33E463E6f5a18388Cf13,198048437835516447
0x354c3c410cc7d05a3ff0422d15a5ea62ded99ba2,197526360095162284
0x354C3c410Cc7d05a3ff0422D15A5ea62dED99bA2,197526360095162284
0x59cb2fa17e55850840fed098d9295183156a6067,197379934051756961
0x59Cb2fa17e55850840feD098d9295183156A6067,197379934051756961
0xbD9E0a744059bfb83DD9b6a07f050e295956AbD9,197143073459451048
0x136B3c5274b06D25E0664BFc5E45f1AD13B8dF7a,197066673722002293
0x762752f75b74cc368aab381103dce2ee1c2cf414,196652994945930884
0x762752f75B74Cc368AAB381103DCe2ee1c2cF414,196652994945930884
0x8a09990601e7ff5cdccbec6e9dd0684620a21a29,196312145943541864
0x8A09990601E7FF5CdccBEc6E9dd0684620a21a29,196312145943541864
0x375f9C4628721F14461B56Fd3e0e814d8737Ff8f,195994481646384673
0x63daf324edbc4e996c945ef3e848eb93eaa8a147,195971623147113228
0x63daF324EDbc4e996c945EF3e848Eb93Eaa8a147,195971623147113228
0xF8EB165E82A969A948Fcf3f19125bc676F0bcD80,195648788847345358
0x582C60B7719E5D51cd27Ed5f5Db6888cCB2E1ffc,195513205659992648
0x136b3c5274b06d25e0664bfc5e45f1ad13b8df7a,195492857512620577
0x7264E14a050fE6A383C654448FCc84d7A4b9eC94,195449940179582429
0xEFDcEA99cDb77EC4F0a474dDa114A6F84a0F3823,194962937941559962
0x582c60b7719e5d51cd27ed5f5db6888ccb2e1ffc,191759521726576815
0x9A51011E3f0fFfCcd04443552223ff0d88e88F40,190920684761518190
0x2b2c7a0dbbcbeffa3b86adb9b219c8a3c98175c4,184145631122294010
0x63bb46461696416fac820bf871375274d97b128e,176655710401857680
0xAB2F6e0dCf32558439F7e32bd106580c5627F18d,170000000000000000
0x321Eee115BF4CA128Fae1e6E80FB3fff1c2fc0e5,157386760987039222
0x8b0f6393d12a77885d102d3a07fc1706cc584f8b,156551532750328119
0x0818F6E98A6b62E02A6A258458Dfb579FD2387C6,155078287807158026
0xeA72C806f156410F00F1535e1C87621D6d78d9dd,153090008364031090
0x66Ec6344f843F79D573b1686BF16c63acA26169d,152057498616757999
0xcfaba3994c45aa03e479000300801ae35b39c388,150937676651352520
0x66ec6344f843f79d573b1686bf16c63aca26169d,148153430644332618
0x99af564e7dAf091010EB5f05abeB071Ebe6F44fC,146918051592695285
0xeEb6914C57431abdDbBA04Ec2571Ffb95f86387d,145993128497060436
0x8eD2B62f6bC83BfbC3380E5Fa1271E95F38837E3,139529215077558103
0x8d97ab42cdc04b0a8f0c08dd6baeaf93ad2ade9e,138761886731654294
0x8ed2b62f6bc83bfbc3380e5fa1271e95f38837e3,137829785400690075
0x7E4F1A12269C55d23c50e91017876D8A0B2ef14C,130799775661516938
0x31Eb8c34199945a001eD0cECB3bad1b5882095CB,128651623755066003
0x44001ceCCD4d73FC785f55Ef7265b33117B85669,128301629060720348
0xaA8A27755641D0b99B745783eeefA4b49763d910,128287906072846331
0x8e272e4adf77a144addd9146ef5b2bfaa1ece4da,127738567933172148
0xa9f5bC75Bd61361E5B15DA130A47938Dd8eAA740,127203203096557641
0x31eb8c34199945a001ed0cecb3bad1b5882095cb,126938175623700994
0xaa8a27755641d0b99b745783eeefa4b49763d910,126248753055984902
0x29f1c1091160a9d42ee6f508c3142b7cb2eabd20,125884848487442686
0x1768fdc071C40fB3D7Ab5b90Ecafdb1d9999ee92,124510392292488330
0xa9f5bc75bd61361e5b15da130a47938dd8eaa740,124013304858462917
0xabc1875d2884e340a005E7420b3BF332319F8187,122936273199021134
0x1768fdc071c40fb3d7ab5b90ecafdb1d9999ee92,121482580567217890
0x1aaF5e41c2c73617bc120097547A3410CaF6718A,118959527997085682
0x5c4D8CEE7dE74E31cE69E76276d862180545c307,117844664003747304
0x7e7373B7ad044c03CB002277697771eab8dc5b6C,117542513477242797
0x5c4d8cee7de74e31ce69e76276d862180545c307,116541833427415142
0xb21A9BB0C40C1BDfe7F6dA8eefB3d82618A3E56F,115766434395225558
0xB4C45316394CaEC352E59374b168A45BB5ACE749,115766434395225558
0x138dd537d56f2f2761a6fc0a2a0ace67d55480fe,115590213692424768
0x1aaf5e41c2c73617bc120097547a3410caf6718a,115159153775883275
0xf1b62c7e3e699fb54671ed73963818cc8cadcc8a,112640334065303024
0x0a0A1193C35F8D5844F646Bee5a2D0ba2898EB31,112584215335245515
0xf9f1886dbdab4cb94c4d23a9d1fa0c9ef4dacec4,110008246077632628
0x0a0a1193c35f8d5844f646bee5a2d0ba2898eb31,109914410456362882
0x05854b5dbf36c9c514f6b546be310f0f3cad3f6f,106829235794239260
0x05854b5dBF36C9C514f6B546BE310f0f3cAd3f6f,106829235794239260
0x2a8edfb340ca93e620701b6033daace8381d82f2,103772636460037320
0x2a8eDfB340cA93E620701b6033DAACe8381d82F2,103772636460037320
0xd4e171627383544C67ca90F5b4F77a784536B280,102940673217074605
0xdd8b9fcb3a8c619f3aa688443a095467967cb58d,102624731997730699
0x2674F614d6ac2D1148ef30c0FAa7aEdec1d3125e,100577807224946571
0x747549cabb4c29c450c274f5e08502019a6b1b1c,99118355697807849
0x810e97ef04942e4fa73d41a4b9d2fbde2280c361,99106111915298454
0x810e97EF04942E4Fa73d41A4B9D2fBDe2280C361,99106111915298454
0xe17b347be07a423e3eb0ded3c3db82e138a48f51,98928762826503365
0xbb2c887E8BA8d21B7d9420998149F4D1efba73d1,98674547620635862
0xA5a663b7951ddDfF89B01194Ee16f3aF276051c1,98536432677581670
0x2F9677016cB1e92e8F8a999c4541650C80C8637A,98522204349418090
0x103041af1784a9d2c2a84137067244d2f1743438,98357425113542307
0x103041Af1784a9d2c2a84137067244D2f1743438,98357425113542307
0x297289405faf325d416658e93d93d0ade229528c,98280909441240983
0x297289405fAF325d416658E93D93d0ade229528C,98280909441240983
0x1fbe41f2dada66a1ca0c68e5ccdf8ba88798846f,98089227324313848
0x1fBE41f2DaDa66a1ca0c68E5ccDf8BA88798846F,98089227324313848
0x9f8ace53e22619a1eeb214e64731f95594cb07a4,98077720787413789
0x9f8AcE53E22619a1eeb214e64731F95594CB07a4,98077720787413789
0x57b41ea63bb7e9d4f70921e5d489a3198145b39d,98066501196894462
0x57B41Ea63bB7E9d4f70921e5D489A3198145B39D,98066501196894462
0xd53046601e88eA3D7ec29F723EE855ac1Ae7AB60,98041854312720957
0x375f9c4628721f14461b56fd3e0e814d8737ff8f,97997241646384673
0xf8eb165e82a969a948fcf3f19125bc676f0bcd80,97824394423672679
0x7264e14a050fe6a383c654448fcc84d7a4b9ec94,97724970089791219
0xdcbc78c7d2b11a9c24fa9057956f8c5c63c27d49,97662551173693750
0xa5a663b7951dddff89b01194ee16f3af276051c1,97615167002691294
0xb7185a33d65b1bd3197779736c6d52dda0d1e0a1,97453722488007889
0xb7185A33d65b1bd3197779736c6D52Dda0D1E0A1,97453722488007889
0xbff3BdC458D94C9Ca36230bE24838e778305A954,97391160497626474
0xc163d4cbe131cf8a85b691c3ebd6c5ea81f43b33,96760015524670050
0x81aFcF6Dd79897cBa488471eCEc2f41BF3f7CA9B,96728899971046922
0xC3ab77cA48Fb64B968DB398e5ED6543141Cd38ce,96726381281671058
0x2f9677016cb1e92e8f8a999c4541650c80c8637a,96706411903062187
0xd53046601e88ea3d7ec29f723ee855ac1ae7ab60,95269665558119110
0x9a51011e3f0fffccd04443552223ff0d88e88f40,94228646513092304
0x46Af16bd7c7EBd8C356EE35005d2AC93ccDC06B4,93670199306458484
0x6fb651cdd003a7eba1998e9c77d9ee0eca102e86,93232343063023942
0x8947c9fF6b1BE3c3E91d62439Dd979e286eD0C98,92232161353358322
0x8947c9ff6b1be3c3e91d62439dd979e286ed0c98,89433303440598605
0x20074277f892404Ee413753e01bac21A4f8D98c4,85984841382161092
0xF9Ca61b2C3938D3C5Ec8Fa669622240A7a0cb316,84805605250700819
0xf9ca61b2c3938d3c5ec8fa669622240a7a0cb316,81768283608305042
0x98830840Da73b24865Ba67aF877956791D4178B0,80713858528582975
0xea72c806f156410f00f1535e1c87621d6d78d9dd,76545004182015545
0x5D58518c1902ED78C48D77EBe71fEEdE67419438,76292658224730356
0x4b25F4ED727A6f31Ff21546D64AFC16e70BfDD55,75985757562780795
0xa18669587490522d0e3c67464C8d4cad22405AFc,75968523565892671
0xeeb6914c57431abddbba04ec2571ffb95f86387d,70942887389267129
0xe3fFCcaFE371F22BDbe35A9ACDf8DE1A1E247d96,70785061703254637
0xbd9cefc47744e4a37c6a28ccaed79606de399ee5,70360593328196164
0xA2862A4d4D7F60d903e28a55f1b5b74C5c216cAF,70003612496890503
0xe3ffccafe371f22bdbe35a9acdf8de1a1e247d96,69467877087584895
0xE7C8419f2B4FEE70EC88b4097E8BcFE2e3cADf3D,67771556867562814
0xf3713B90cf982BA3F006437b29c7Aded7C3f123a,66364442330136712
0x5f8ac06e1097cBBbA84075aB7B60BA0c12eFd74b,65767572688184470
0x932654BC075A69AD65CFc76BA01C4ac3621D1598,65683554052072316
0xbDB15b5E88698c2DCfb6bFB7eb65fDEA36238055,65494614645165712
0xAd4bD9507a75255332b18aE0Bb8e6cE5462920a4,65057942805158133
0x4AA88623Ea885fE8fe7d34C8813a26c96f9F29FC,65040977233890208
0x1264EB4ad33ceF667C0fe2A84150b6a98fF4caf7,64203686492137281
0x7e4f1a12269c55d23c50e91017876d8a0b2ef14c,63809352325364749
0x1264eb4ad33cef667c0fe2a84150b6a98ff4caf7,63257782448507480
0x4aa88623ea885fe8fe7d34c8813a26c96f9f29fc,63131385207025714
0x2E69476D174E9caC1C9c1529c67c5ae66FE933FF,59812055906539050
0x2e69476d174e9cac1c9c1529c67c5ae66fe933ff,59546645648813012
0x0357E733ea5b6Bc6d79A793166C208070d82fF12,59481631491850802
0x0860420a401A038E3f13AA2487445D0Dcf6C75db,59170467480057617
0xd478665AD14C0C1136758Fa3D51B44353ff181ba,58505778934719666
0x0860420a401a038e3f13aa2487445d0dcf6c75db,58018395142090361
0x4b5160ab8efec1742f20a74428e08790cbc90a48,57706014577966160
0x0BF52Bd5d9Fbd7D5D57eB34C5d0c451a8e3807F9,57283325211914359
0x0bf52bd5d9fbd7d5d57eb34c5d0c451a8e3807f9,56781044775894917
0x961B7e15AA40aDaa11b602FD466B3FcEbdf78E34,54476537512925576
0x4e609a968abeaaf866fde46a400847a9462f5931,52333915604411925
0xF5af80F3929f9f0F407b610DA47583C42c2019A7,51546884343094664
0xf5af80f3929f9f0f407b610da47583c42c2019a7,50554821123097796
0xb646C5599D7D0399d1b83ce1B0e809b646f46d41,50359328995588804
0x9C9265119889c8f7f8Fc0f2cAB3Ce736e23103a6,49999999999999998
0x72e489ee7ee5acae38ee47dd65d65b2dfcd4a877,49736041780063296
0x72e489EE7Ee5ACae38EE47Dd65d65b2dFCD4a877,49736041780063296
0x5726863CFd2E5Cb4005b6E15F5AE9bc6Be0E998e,49468406092243127
0x8540f74e41cdb6a730708e75a00e3c1244ea816f,49346444913446232
0x8540f74e41Cdb6a730708E75A00e3c1244Ea816F,49346444913446232
0x22afef396ea3d9a33cecbd6b8fa54412f049872a,49321328817168624
0xb646c5599d7d0399d1b83ce1b0e809b646f46d41,48870939843565546
0xbff3bdc458d94c9ca36230be24838e778305a954,48695580497626474
0x3230a79c196958980f058d0dbd5e6a5fd3ea1778,48674694649273120
0x63c5229302d4b93241aa06b08447b5c13edd3abf,48527107843256095
0x63C5229302d4B93241AA06b08447b5C13eDd3AbF,48527107843256095
0xA62A3497B84f8F451b6B7A0daE0845B9d2Fc70bb,48499387331012043
0x80BB9Ad1bE5d1A34C8295D97E652228d06f9fCC4,48445568684714038
0x67f118166Ba2745656f99ea58d62c002C26cCA18,48266153913440458
0xa62a3497b84f8f451b6b7a0dae0845b9d2fc70bb,48079378379215366
0x5726863cfd2e5cb4005b6e15f5ae9bc6be0e998e,48051953433883195
0x67f118166ba2745656f99ea58d62c002c26cca18,47361226407741965
0xc3ab77ca48fb64b968db398e5ed6543141cd38ce,47221533937644847
0x80bb9ad1be5d1a34c8295d97e652228d06f9fcc4,47046508237091313
0x46af16bd7c7ebd8c356ee35005d2ac93ccdc06b4,46835099653229242
0x68BA6a34698ba0afeD3DF1B606401fC553A6Ca8C,45593805946188304
0x68ba6a34698ba0afed3df1b606401fc553a6ca8c,44774847271584949
0x5d3d5b2ef7a1961c89dd2df01c459771f2788499,44576515840490154
0x5D3d5b2eF7A1961C89Dd2DF01c459771f2788499,44576515840490154
0x593244bC9029A50e7f8AD7Ac40c459C322106698,43748180624210990
0xf91E2C1A8bcdc6362250252A4988a7D286283325,42546585208978271
0xf91e2c1a8bcdc6362250252a4988a7d286283325,41465411416107392
0x0Db5E7924d87d2EC27876882E7af911A58050Dd1,40361948361511032
0x0db5e7924d87d2ec27876882e7af911a58050dd1,40075009271483462
0x1fe5F397e38fFe61E663d96821F41bCF83ed7959,39869846339928978
0xF756ebb6dCD99B65FFc9721DE3C6E2BbDcD79021,38852035095723436
0x3e86e89aa56d28dddd450e22fb74b3f9885ce2ca,36073388776135867
0x3E86e89Aa56d28ddDD450e22fb74B3F9885cE2Ca,36073388776135867
0xD663354A09aB4b0e67D077a540D77c2740E30290,35277704880760064
0xb97A6E82DD6ED1acd60197Cc1483b1ac8Ec97de7,35000000000000000
0xd663354a09ab4b0e67d077a540d77c2740e30290,34238167608507681
0xe7c8419f2b4fee70ec88b4097e8bcfe2e3cadf3d,33885778433781407
0x231D04d32DdC9573b775B1738B51F8108639017c,32729237132581745
0xa1f649f8c9DBe441f3cf8d36273e159c07263E0D,32516665750976071
0xf3713b90cf982ba3f006437b29c7aded7c3f123a,32417651540460141
0xa1f649f8c9dbe441f3cf8d36273e159c07263e0d,31971735415962925
0x932654bc075a69ad65cfc76ba01c4ac3621d1598,31845000192880446
0xAc865705fDA746a8d3f61EeEf9D0d3BEF945C136,31333579250455565
0xa5a781145c20f63e911d9c51ab6bcf315dba9444,30975170619918835
0x8EcCE8e28Af4A2b8d3B093Ef34b24525af0989C6,30975170619918835
0xac865705fda746a8d3f61eeef9d0d3bef945c136,30571648688105441
0x1BB7951Ba30EDA67Bf3E5D851fe5e0e6A01a14b5,29784918432973749
0x365f13e2fd89a8654d44db03c8db93a3ce1aea52,29406418703030961
0x365F13e2Fd89a8654d44db03C8Db93a3cE1aea52,29406418703030961
0xCcfc9B62d2b15F69E5B9eB2Ba5dB3416B73066C0,29001293545575223
0xafefc2f1f488b89ac516076394a2f6c516411984,28968831774240174
0xAfEfC2f1F488B89ac516076394a2f6c516411984,28968831774240174
0x1bb7951ba30eda67bf3e5d851fe5e0e6a01a14b5,28939955278148591
0x4b01e4f7295d8d24de343eeb9da087e42abc770e,28929530556978525
0x4B01e4F7295d8d24DE343EEb9DA087e42aBC770E,28929530556978525
0x7f0b28D07F8B6927459b7e582Fd0741B290383Ac,28767713231499535
0x7e7373b7ad044c03cb002277697771eab8dc5b6c,28605661697030180
0x9fd31424cfceab50218906bc1b3d87fe7778ca61,28562331340418768
0x4F25147b76eb60a2898F6c0c2676084D6470EA24,28100000000000000
0x7f0b28d07f8b6927459b7e582fd0741b290383ac,28059146020060530
0x371894Fa59Ca6E62fdA2Dd8BBAF84abc793f4E8D,27955542577704186
0x26F9b1b62ab0088fFF07D1A5a64D74e6Ed1edf5f,27854159852629584
0x7d8Dd9fEE145EBf10ca5E26479f4A32aeB0A0FbA,26959707178697016
0x34ed38c093aecf3171fad6087afde559647ac4a6,25784019193773018
0x34eD38C093aEcf3171fad6087AFDE559647ac4a6,25784019193773018
0xC40832F5Aee2e20b1F53c47a96Bc493D10bC19e4,24917148744690409
0x3354b0239d6AB14A51EB4aF42A92BD47f24d7DBe,24050491129720346
0x3354b0239d6ab14a51eb4af42a92bd47f24d7dbe,23097728336370155
0x2d00077A527e25A5edCaf5b9ea8D25a0590DE68C,22833839247198612
0x05d86155059212345Aeb0224AE0B717b7099dfd5,22354569154028361
0x3b39b7aea4ba367b90130d6e02f13137ef310a0e,21808318500312683
0x3b39b7AEA4bA367B90130D6E02f13137Ef310a0E,21808318500312683
0x1e7Bc69844dEcfF046D8521992f0f3A934F03279,20000000000000000
0xc1C0aE73E89a9ec2136853a7776bCe0181c1c6CB,20000000000000000
0x0357e733ea5b6bc6d79a793166c208070d82ff12,19827210497283602
0x0a75728f3a2697045e8c62c7c4be4597c2e7c254,19658667210269411
0xfe1bcd4fae7d1f04a744aa51d2cf4efd5277762f,19656618705249113
0xFe1BCD4fae7d1f04a744aA51d2cF4EFD5277762f,19656618705249113
0x9B37346aAdC0515ED4C28071A1a2a6fdAFfa23c2,19490893507713761
0x670e9bf3aa6a024249d0bac4a608eba05c21fbd4,19177439177944532
0x670E9Bf3aA6A024249D0bac4a608eBA05C21FBd4,19177439177944532
0x2656269bb878ca0c4250a0df4c15a9cfca0c21ac,19020743881187655
0x2656269BB878cA0c4250A0DF4C15A9CFca0C21AC,19020743881187655
0xc403b2a4790b94bb415be25b14d084805f4af711,18990422484506780
0xc403b2a4790b94bB415bE25B14d084805f4af711,18990422484506780
0xa5e3248e8df9e26397c9648b34a4fa113bd00204,18872935224373312
0xa5e3248E8df9E26397c9648B34A4fA113bd00204,18872935224373312
0x53935fec07C513f9e11F5e331E5ACef9E6b98CA2,18676642372070172
0x5cb5833760f7090d148Fbedef3F821CC7Cdc4331,18312803643022101
0x54372e2b338C4bE299B75CB54D914822dB32A63F,18028573896974770
0x00D6216BDbB504A262050eBA7534153e90C5FaA0,17921770296701637
0xd7aC4581eF4E2BB6cC3734Da183B981bfd0Ee2A2,17794504619005597
0x54372e2b338c4be299b75cb54d914822db32a63f,17674946050867894
0x99d66F5492FDa985148Eca7ADe792327b1128Dd9,17672812190885445
0x00d6216bdbb504a262050eba7534153e90c5faa0,17443923973076664
0x89f40ca416DF2cb2fda79c3F5D9338e87cAB0600,17240852627629832
0x56025C57C2621b08F5cf7F0d3ACAb5c2a818e5FA,17197994586473483
0xf7De701c6034C95f4D27F15f6BBAEFa901036418,17065226945802464
0x99d66f5492fda985148eca7ade792327b1128dd9,17056233870259493
0x01e6fd0ae73d9194b19f9b376065577927a0d5f5,16498545402595874
0x01e6fd0aE73D9194b19f9B376065577927A0D5f5,16498545402595874
0x63815b3E4B7d0296ebBB6f144A6895fCD72636B1,16489231884954237
0x231d04d32ddc9573b775b1738b51f8108639017c,16340093922472047
0x316B98C6df382BD218186D0766966459A199Dd04,16187921405526101
0x316b98c6df382bd218186d0766966459a199dd04,16153271406356143
0x63815b3e4b7d0296ebbb6f144a6895fcd72636b1,16120764433883324
0x31Dca12Aebe8B37f1D16566ddFA4178D9F901604,15899999999999999
0x26D2BF8670F93CB4789f76Df256e5E74bb6863A7,15800000000000000
0x0cA80Fea8cdCFcdFcea14BF4A1e42663A2abEcE3,15170242065876624
0x18ce1b1aa6Fa8D56c22Ae45fB622BC38061dAf16,15113233820209213
0xD2050719eA37325BdB6c18a85F6c442221811FAC,14800375027706342
0xcBE8D3DA589c8Bd9200E729AF396c88C91a25335,14505280037168199
0x801d47b871b82624fA77f775183f0e6a7c9c2e44,14423843384775167
0xcbe8d3da589c8bd9200e729af396c88c91a25335,14199955496818399
0x69D0341d380a1229f4751a0A721345dBc716586C,14025824214665643
0x69d0341d380a1229f4751a0a721345dbc716586c,13966215870792369
0x264C349B95C0E6F2f7D3c5d5C2A88eF8DA89F9a7,13207914026218563
0x2F74044a9560d62c8e5aC362b1bdc6BAf79b7660,13041742122659896
0x7891187111a8dffb91787d4777f3bc397bd44d92,12764114845722470
0xbf85Fdcec931eAF4daC606d74397c8d682196c88,12617033838790582
0x454e61c0d74024a26f94fae080f6a234db8b8b39,12612022025661028
0x8fa7cd7daf391af3d9e816196dfa8e064d9208ec,12030458564434595
0x369260edb15f4374a4985f4e5e750c34165143a0,11817305234123893
0xfF2a8548b6660cEA6e941Acf4f5Cf1F19B22094B,11101184845256516
0xF3D9281fa183B74F32B96E1c5244596045f4edE8,10595549071504951
0xff2a8548b6660cea6e941acf4f5cf1f19b22094b,10533168087077795
0x8A5d3479663e6927f6c527DE8b8C85Add4444097,10427361752197546
0xf3d9281fa183b74f32b96e1c5244596045f4ede8,10277978499623119
0x8a5d3479663e6927f6c527de8b8c85add4444097,10139402416606690
0xE5B5C8D47E9E1910D69C113a02d55c2091Bf06D1,10000000000000000
0x85b8B85A6A7d773624187d4D03b597864770EB51,10000000000000000
0xbCff6B6258FeFA5c58d53dA32d753463f408dBEA,9986016777630581
0x3A70e8C00f3bCf3eb845B6b6928AbA92b465C183,9939178368479919
0xA0D8dfe910b67696D00D05559666874E7dc0f04B,9864036012019376
0xe96a8C3EE92aC5dc5b3f955dF6c18CFb58aB4bA1,9802470104887031
0x3a70e8c00f3bcf3eb845b6b6928aba92b465c183,9740987286049272
0x00af09973052d749f6a95071da1dcbe2c557cc15,9595398373274395
0x00AF09973052D749F6a95071DA1DcBE2C557cc15,9595398373274395
0x6a7dde3e6583b07c3f0a0709851d417679b5d84b,9583570882805966
0x6A7dDe3e6583b07c3F0A0709851d417679b5D84b,9583570882805966
0x76638d6e46680afaD9C9A23cBC2361c518224Aa4,9454210193419692
0xe96a8c3ee92ac5dc5b3f955df6c18cfb58ab4ba1,9434720575274218
0x2a4De8a61CB7882c06c9C45Ea187adBdF7CcC286,9423890973621629
0x53935fec07c513f9e11f5e331e5acef9e6b98ca2,9338321186035086
0x039AD98f65B14d89CBc2fBF4715Df318A5730eCE,9229769471639276
0x76638d6e46680afad9c9a23cbc2361c518224aa4,9215080509730718
0xd478665ad14c0c1136758fa3d51b44353ff181ba,9187006470377836
0xc4c400a291d7b0e3cc8b7ccb0957f3ef5ced7b11,9176624595445157
0xC4C400A291D7B0E3cc8B7ccB0957f3eF5ceD7B11,9176624595445157
0x2108312f8d45b824eaa4d37c6bde875e40205499,9165860747212181
0x2108312f8D45B824eaA4D37c6BdE875e40205499,9165860747212181
0x305194f119930103b4C617c03Ef9DaCE47f7239A,9165860747212181
0xc9b06f93cf8787288e20137e2d3910c04c782ba0,9161186752514937
0xc9B06F93cF8787288E20137e2d3910c04C782bA0,9161186752514937
0xb9670cebabc4d89ed58c8cfc6393777a5cceeabe,9158404481174589
0x5cb5833760f7090d148fbedef3f821cc7cdc4331,9156403643022101
0x2a4de8a61cb7882c06c9c45ea187adbdf7ccc286,9156017100653197
0xc6654898d96e97199A8d14E534fe92dd6B2674BD,8578394080089804
0x039ad98f65b14d89cbc2fbf4715df318a5730ece,8331376455044833
0x66d0E180af64fb368679F91765Affc99174396AC,8298599437021114
0xaB95d2Cd70a80469985faFE7457DE81498211eD4,8264098774604652
0xc6654898d96e97199a8d14e534fe92dd6b2674bd,8254232156436260
0x7A6D5a1AdbBc17FEb9D121d4aB2F4D91b2c3B244,8182055290915851
0xab95d2cd70a80469985fafe7457de81498211ed4,8140160288877660
0x7a6d5a1adbbc17feb9d121d4ab2f4d91b2c3b244,8131016018579748
0xbe5A26C6d9323E073320C709374CC0d3B21314DB,7800000000000000
0x2b6950502d62653380454f3462648527c561f9f0,7651800541093289
0x9CBBd9f778Fb758B4bd2341FEfF9EDbCB8A8De5F,7604643422107398
0x5999865518C9de250b820762130FF7A7119A4558,7587178608293296
0x9cbbd9f778fb758b4bd2341feff9edbcb8a8de5f,7403753016174014
0x5999865518c9de250b820762130ff7a7119a4558,7365100452432238
0x801d47b871b82624fa77f775183f0e6a7c9c2e44,7211923384775167
0x814055779F8d2F591277b76C724b7AdC74fb82D9,7194314776236678
0x74545744997dA6268f6b1ea1814A17Fe446EA438,6867801346947623
0x3beb07b63f95d7cdd2ed4bbc3c837cf784beb46b,6790806614244987
0x3bEB07b63f95D7CdD2ed4bBc3C837cf784BEb46b,6790806614244987
0x74545744997da6268f6b1ea1814a17fe446ea438,6669256744151527
0x6E82a63739B30Ec39ae5928FD7f2e3b292623726,6569810874626920
0xb451A1E09f35b6668f9e9C21cb479189772C56A1,6472237276960353
0xB95a02e38ce0830AABFfebEe17D1c5925Cf3EBf9,6428669420038345
0xb451a1e09f35b6668f9e9c21cb479189772c56a1,6292260328841532
0xbf85fdcec931eaf4dac606d74397c8d682196c88,6261582837868896
0xfc9d0e662510f57583ffe2e9c8ed24cd420fc629,5402688051550936
0x612A7fBb1d4abE850fFC76d9fB4D8bF4e258404E,5334321247318792
0x4366975e0828c0004f700318dd986f776cd9f6e1,5221351168139380
0x4366975E0828C0004F700318dD986f776Cd9f6E1,5221351168139380
0x17c287e98995947c0efc945671b6b0cfd722b0de,4798425396134994
0x17c287e98995947c0EFc945671b6b0cfd722B0DE,4798425396134994
0xf62405e188bb9629ed623d60b7c70dcc4e2abd81,4626314851165622
0xF62405e188Bb9629eD623d60B7c70dCc4e2ABd81,4626314851165622
0x39415255619783a2e71fcf7d8f708a951d92e1b6,4375944872613591
0x66d0e180af64fb368679f91765affc99174396ac,4149299718510557
0xaCCF872F83FEa0De1cc688a12d465D0d079d2f87,4073185097061761
0xe72cb9f5b712fb94bd1b8b9589c2bf80efdbae34,4032845001603004
0xaccf872f83fea0de1cc688a12d465d0d079d2f87,3956809543860724
0xcafac4874c34a8b126ffbca7e10da1f09f2b7383,3383826033451586
0xCAFaC4874C34A8B126FFBCA7e10Da1F09F2B7383,3383826033451586
0xD96175400829659e59C8dd2Bd410c59df718F9EF,3349787436163023
0xd96175400829659e59c8dd2bd410c59df718f9ef,3286011666757820
0x9D9216378Db94D8BDcB7f22b1d5E8B508FD92aa6,3227552650293043
0x6e82a63739b30ec39ae5928fd7f2e3b292623726,3219791333431090
0xF22E148145f7856ea37FFF80363E0a06094BEEA6,3169540618463895
0x9d9216378db94d8bdcb7f22b1d5e8b508fd92aa6,3146220782045942
0x5aB0e4E355b08e692933c1F6f85fd0bE56aD18A6,3129027018355363
0xeC2387ba9303bB27089b35826D48aCC6E433ab8e,3121518542682227
0xf22e148145f7856ea37fff80363e0a06094beea6,3087051595340568
0x5ab0e4e355b08e692933c1f6f85fd0be56ad18a6,3075654333564573
0xEf4a405Ed5e6F210774d46EA385a551742B2565A,3031191057456495
0x7a9EA6f96aDD2874977B3b73a30FBC001E18a08c,2875329185103305
0x36da71103a48006879207c879e6c9ef0b006cc9e,2871761315554946
0x7cD2809801486720B8A8687B004f12DA5312b0bd,2867179550591257
0xeB3Fe1Da18C074E41c5A1BaE6cDEd64441B5d321,2867179550591257
0x1D9Cd4DCd5dBA84fe646bb7D2979A63E426eC192,2810592646786698
0x7a9ea6f96add2874977b3b73a30fbc001e18a08c,2791718060352925
0xc0527858398a3914cb33f04eEA3D71850aBd1a78,2751335698940875
0x5d03F73015d6A85c01f403910Aa71Dde26790A10,2730840890579377
0xc0527858398a3914cb33f04eea3d71850abd1a78,2679285615422427
0x5d03f73015d6a85c01f403910aa71dde26790a10,2649270796842627
0x3690cC4e1a98a1B07a8EFc38f4f3afc8f503615B,2098931570105494
0x3690cc4e1a98a1b07a8efc38f4f3afc8f503615b,2044102015977585
0xb8bd8f4c420ada4d999f2619503d5aaa139ed7c2,2043149898099081
0x900e45b675057A8daB0E8665DD3911fB2A97D076,1984679715773999
0x1d6a148725f30f7e91273D85Edaae770E45cF514,1946502881440071
0x1d6a148725f30f7e91273d85edaae770e45cf514,1933735303283353
0x93df530CB9271EAad3CC15490DFC8E34F7Ea5936,1909486354083045
0x425d16b0e08a28a3ff9e4404ae99d78c0a076c5a,1643948946733791
0xc593eff55725339bd9bdca2795732ff551c13639,1641241643339762
0xe7AF00d7E08683BC4E21e07D70186f5258Dc3c82,1416462094503621
0xe7af00d7e08683bc4e21e07d70186f5258dc3c82,1407697833132367
0xcD329211D396a8DFFBD9C15F0cf3E5937E3196b6,1402993310818909
0xcd329211d396a8dffbd9c15f0cf3e5937e3196b6,1364556379553677
0x17d24fb1aa5adc6c07787f6205b48e0d2778e496,1279510837740713
0x17d24fB1Aa5Adc6C07787f6205b48E0d2778E496,1279510837740713
0x76C5aCf84a8eA07AbDB45768aFA749528497F395,1268822600044986
0xbf7d65d769e82e7b862df338223263ba33f72623,1253783358666413
0x47b0eC1beA7d8EcC7cF70C3bF82c5f5d15a96b6D,1236000000000000
0x76c5acf84a8ea07abdb45768afa749528497f395,1231478924094082
0x3d4A5bD4D6C19812D55C137eB219c4D14dc3f794,1217326388527096
0x3d4a5bd4d6c19812d55c137eb219c4d14dc3f794,1171450510270063
0xdAEbb48BEcCdd243362C1d280243346a23660b3C,1028969324521556
0xbD333cD674dEB7AF8505b412ED29F753f320e259,866204413725230
0x12330Dc239cA6C353c37842126fA7d08BA5B3d06,800000000000000
0x13450956399afff749d8d39fdc63a1dde422d775,674634948028784
0x13450956399AfFF749D8D39FDC63a1Dde422d775,674634948028784
0xcde850e02A5D1EBedB5e1D2b177af8770354FDB7,659630256555420
0x63A556c75443b176b5A4078e929e38bEb37a1ff2,647488028449756
0x08bbede306cc6ad3c6a15a496625ccad9e4201e9,645645639289251
0x08bbedE306cC6ad3C6A15a496625CCaD9e4201E9,645645639289251
0x01b2f6622b0815194b805df29b053c13a75f7363,645442197955147
0x061716a85aba5e37626e4a2c33596d59823d30b8,395965575091051
0x061716a85ABA5e37626e4A2c33596d59823d30b8,395965575091051
0xcde850e02a5d1ebedb5e1d2b177af8770354fdb7,321982775592245
0xD2E8f308a4305160fcE7bDe28865f6B551efcBCC,280747057181812
0x27C5add1554c07b601De2109562b1BffFd3934B8,276296179222256
0xbD5f0D3F1ad8D7D885037C2b26598eAEafCbaEcc,100000099999999
0x68a17B587CAF4f9329f0e372e3A78D23A46De6b5,34659268642379
0xDBafa316C236c090e7633Cf7CF5EbDd2947B50A1,2216185525
